time_s,node,asn,src,err_ns
13.56199159,leaf,1010,frame,-142000
20.632033795999998,leaf,1717,ack,111000
23.662086705,leaf,2020,frame,0
33.763147529,leaf,3030,frame,1000
35.782149135,leaf,3232,ack,1000
43.863207811,leaf,4040,frame,1000
50.933277267,leaf,4747,ack,1000
53.96329401,leaf,5050,frame,0
64.063369708,leaf,6060,frame,0
66.083379231,leaf,6262,ack,0
74.16345474,leaf,7070,frame,0
80.223493976,leaf,7676,ack,1000
84.26353227300001,leaf,8080,frame,0
94.36362943,leaf,9090,frame,1000
95.37361256599999,leaf,9191,ack,0
104.46468816999999,leaf,10100,frame,-1000
110.523707031,leaf,10706,ack,0
113.554742524,leaf,11009,frame,0
123.654819764,leaf,12019,frame,0
125.67487395399999,leaf,12221,ack,0
133.75488429700002,leaf,13029,frame,-1000
140.82494183600002,leaf,13736,ack,0
143.85497386999998,leaf,14039,frame,1000
153.95506694399998,leaf,15049,frame,0
155.975061342,leaf,15251,ack,1000
164.05513072600002,leaf,16059,frame,1000
171.125212307,leaf,16766,ack,1000
174.15518505,leaf,17069,frame,1000
184.256308541,leaf,18079,frame,0
185.265295094,leaf,18180,ack,0
194.356355364,leaf,19089,frame,0
200.41638655900002,leaf,19695,ack,0
204.45648306299998,leaf,20099,frame,0
213.546502167,leaf,21008,frame,0
215.566525774,leaf,21210,ack,0
223.646566616,leaf,22018,frame,-1000
230.716623739,leaf,22725,ack,0
233.74666902299998,leaf,23028,frame,1000
243.84672597199997,leaf,24038,frame,-1000
245.86674137,leaf,24240,ack,-1000
253.947797921,leaf,25048,frame,0
261.017875627,leaf,25755,ack,0
264.04790153700003,leaf,26058,frame,-1000
274.14796711,leaf,27068,frame,1000
275.15795783000004,leaf,27169,ack,0
284.24804580899996,leaf,28078,frame,-1000
290.30808417,leaf,28684,ack,0
294.348116092,leaf,29088,frame,1000
304.44823566499997,leaf,30098,frame,-1000
305.458184427,leaf,30199,ack,0
313.538268728,leaf,31007,frame,1000
320.60835213800004,leaf,31714,ack,2000
323.63934237899997,leaf,32017,frame,1000
333.73941532099997,leaf,33027,frame,1000
335.759434343,leaf,33229,ack,1000
343.839498097,leaf,34037,frame,0
350.909548756,leaf,34744,ack,0
353.939563831,leaf,35047,frame,0
364.039643148,leaf,36057,frame,0
366.059656253,leaf,36259,ack,0
374.13973621499997,leaf,37067,frame,-1000
380.199764405,leaf,37673,ack,-1000
384.23978399099997,leaf,38077,frame,0
394.340891141,leaf,39087,frame,0
395.349887861,leaf,39188,ack,1000
404.44097962499995,leaf,40097,frame,1000
410.50101552399997,leaf,40703,ack,1000
413.531013556,leaf,41006,frame,1000
423.631113165,leaf,42016,frame,-1000
425.65110697899996,leaf,42218,ack,0
433.731211983,leaf,43026,frame,1000
440.801224101,leaf,43733,ack,1000
443.831242217,leaf,44036,frame,0
453.931325701,leaf,45046,frame,0
455.951330556,leaf,45248,ack,0
464.031409476,leaf,46056,frame,1000
471.101451177,leaf,46763,ack,1000
474.132500418,leaf,47066,frame,0
484.232553777,leaf,48076,frame,0
485.24258558,leaf,48177,ack,0
494.332623844,leaf,49086,frame,1000
500.39267741,leaf,49692,ack,1000
504.432707912,leaf,50096,frame,1000
513.522765551,leaf,51005,frame,0
515.5427811980001,leaf,51207,ack,1000
523.62286041,leaf,52015,frame,1000
530.692913362,leaf,52722,ack,1000
533.722938353,leaf,53025,frame,1000
543.824018003,leaf,54035,frame,0
545.843014025,leaf,54237,ack,1000
553.924104404,leaf,55045,frame,0
560.994147813,leaf,55752,ack,0
564.0241789290001,leaf,56055,frame,1000
574.1242411220001,leaf,57065,frame,0
576.144254102,leaf,57267,ack,0
584.224311522,leaf,58075,frame,-1000
590.284365879,leaf,58681,ack,-1000
594.3244232139999,leaf,59085,frame,0
604.424461948,leaf,60095,frame,0
605.4344812930001,leaf,60196,ack,0
613.515527421,leaf,61004,frame,-1000
620.584598831,leaf,61711,ack,0
623.615614488,leaf,62014,frame,1000
633.715683097,leaf,63024,frame,-1000
635.735714411,leaf,63226,ack,0
643.8157494980001,leaf,64034,frame,0
650.885822158,leaf,64741,ack,0
653.915855232,leaf,65044,frame,0
664.0159452580001,leaf,66054,frame,0
666.035947071,leaf,66256,ack,0
674.115987783,leaf,67064,frame,0
680.1760558899999,leaf,67670,ack,0
684.2160751,leaf,68074,frame,-1000
694.317146709,leaf,69084,frame,1000
695.327182803,leaf,69185,ack,0
704.41722036,leaf,70094,frame,0
710.477266342,leaf,70700,ack,1000
713.507298541,leaf,71003,frame,1000
723.607384192,leaf,72013,frame,-1000
725.627383422,leaf,72215,ack,-1000
733.7074487169999,leaf,73023,frame,0
740.7775100849999,leaf,73730,ack,0
743.807526618,leaf,74033,frame,0
753.907608394,leaf,75043,frame,0
755.927628957,leaf,75245,ack,0
764.008693086,leaf,76053,frame,1000
771.078746245,leaf,76760,ack,1000
774.108823486,leaf,77063,frame,1000
784.208826429,leaf,78073,frame,0
785.218855689,leaf,78174,ack,0
794.308920329,leaf,79083,frame,0
800.368942811,leaf,79689,ack,0
804.40898423,leaf,80093,frame,1000
813.499062994,leaf,81002,frame,-1000
815.519074391,leaf,81204,ack,0
823.5991366449999,leaf,82012,frame,0
830.66916243,leaf,82719,ack,0
833.7002009199999,leaf,83022,frame,1000
843.800295279,leaf,84032,frame,-1000
845.8202915100001,leaf,84234,ack,0
853.900347263,leaf,85042,frame,0
860.970418923,leaf,85749,ack,0
864.000452206,leaf,86052,frame,-1000
874.1005196899999,leaf,87062,frame,1000
876.120530628,leaf,87264,ack,1000
884.20057984,leaf,88072,frame,0
890.260693572,leaf,88678,ack,-1000
894.300683157,leaf,89082,frame,-1000
904.401745808,leaf,90092,frame,0
905.410739944,leaf,90193,ack,0
913.491830281,leaf,91001,frame,1000
920.561887149,leaf,91708,ack,1000
923.591874307,leaf,92011,frame,0
933.691963749,leaf,93021,frame,0
935.7120172709999,leaf,93223,ack,0
943.792063066,leaf,94031,frame,0
950.862076351,leaf,94738,ack,0
953.892121133,leaf,95041,frame,1000
963.992191867,leaf,96051,frame,0
966.012218681,leaf,96253,ack,0
974.0922660179999,leaf,97061,frame,0
980.152309292,leaf,97667,ack,0
984.1933703349999,leaf,98071,frame,0
994.293444444,leaf,99081,frame,0
995.30346633,leaf,99182,ack,1000
1004.393558053,leaf,100091,frame,1000
1010.4535505350001,leaf,100697,ack,0
1013.4835910679999,leaf,101000,frame,0
1023.583666301,leaf,102010,frame,0
1025.603658448,leaf,102212,ack,0
1033.683746535,leaf,103020,frame,0
1040.753774112,leaf,103727,ack,0
1043.783798353,leaf,104030,frame,0
1053.884875295,leaf,105040,frame,0
1055.903889442,leaf,105242,ack,0
1063.9849719869999,leaf,106050,frame,0
1071.055045147,leaf,106757,ack,0
1074.085030054,leaf,107060,frame,1000
1084.185359122,leaf,108070,frame,0
1085.195113674,leaf,108171,ack,1000
1094.285205022,leaf,109080,frame,0
1100.345218338,leaf,109686,ack,0
1104.3852862150002,leaf,110090,frame,0
1114.485343365,leaf,111100,frame,0
1115.495336626,leaf,111201,ack,0
1123.5764200879998,leaf,112009,frame,0
1130.645454164,leaf,112716,ack,0
1133.676480072,leaf,113019,frame,0
1143.776573556,leaf,114029,frame,-1000
1145.7965899110002,leaf,114231,ack,0
1153.876630373,leaf,115039,frame,0
1160.9467033239998,leaf,115746,ack,0
1163.976711232,leaf,116049,frame,0
1174.0767824240002,leaf,117059,frame,0
1176.096802988,leaf,117261,ack,0
1184.1768880749999,leaf,118069,frame,0
1190.236908432,leaf,118675,ack,0
1194.278003767,leaf,119079,frame,0
1204.378050501,leaf,120089,frame,0
1205.38802072,leaf,120190,ack,1000
1214.478103652,leaf,121099,frame,1000
1220.5381568,leaf,121705,ack,1000
1223.568194625,leaf,122008,frame,1000
1233.668292317,leaf,123018,frame,-1000
1235.6882808799999,leaf,123220,ack,0
1243.768330218,leaf,124028,frame,0
1250.8383548349998,leaf,124735,ack,1000
1253.868389368,leaf,125038,frame,1000
1263.968473269,leaf,126048,frame,0
1265.9884770820001,leaf,126250,ack,0
1274.069566294,leaf,127058,frame,0
1281.1396017450002,leaf,127765,ack,0
1284.1696203610002,leaf,128068,frame,0
1294.26971797,leaf,129078,frame,0
1295.279719356,leaf,129179,ack,0
1304.369784996,leaf,130088,frame,0
1310.429840311,leaf,130694,ack,0
1314.469859063,leaf,131098,frame,0
1323.5599493700001,leaf,132007,frame,0
1325.5799356,leaf,132209,ack,-1000
1333.6600188539999,leaf,133017,frame,-1000
1340.730046971,leaf,133724,ack,0
1343.7610840040002,leaf,134027,frame,1000
1353.8611524100002,leaf,135037,frame,0
1355.881194308,leaf,135239,ack,0
1363.9612322770001,leaf,136047,frame,0
1371.031275525,leaf,136754,ack,1000
1374.061324977,leaf,137057,frame,1000
1384.1614083030001,leaf,138067,frame,0
1385.1713977729999,leaf,138168,ack,0
1394.261489628,leaf,139077,frame,0
1400.321504698,leaf,139683,ack,0
1404.3615431619999,leaf,140087,frame,0
1414.4626346539999,leaf,141097,frame,0
1415.471630166,leaf,141198,ack,1000
1423.552679009,leaf,142006,frame,1000
1430.622740883,leaf,142713,ack,0
1433.652767334,leaf,143016,frame,0
1443.752847993,leaf,144026,frame,0
1445.77283735,leaf,144228,ack,0
1453.852937652,leaf,145036,frame,1000
1460.923021609,leaf,145743,ack,1000
1463.953028561,leaf,146046,frame,0
1474.053067761,leaf,147056,frame,0
1476.073088701,leaf,147258,ack,0
1484.15318392,leaf,148066,frame,0
1490.213181199,leaf,148672,ack,0
1494.2542314949999,leaf,149076,frame,0
1504.354283487,leaf,150086,frame,0
1505.3643303739998,leaf,150187,ack,0
1514.454372438,leaf,151096,frame,0
1520.514437008,leaf,151702,ack,1000
1523.544450918,leaf,152005,frame,1000
1533.644517244,leaf,153015,frame,0
1535.664540392,leaf,153217,ack,0
1543.744602819,leaf,154025,frame,0
1550.814651484,leaf,154732,ack,0
1553.844700769,leaf,155035,frame,0
1563.9457686360001,leaf,156045,frame,0
1565.964787243,leaf,156247,ack,0
1574.04590142,leaf,157055,frame,0
1581.115884085,leaf,157762,ack,0
1584.145911162,leaf,158065,frame,0
1594.245997821,leaf,159075,frame,1000
1595.255994583,leaf,159176,ack,1000
1604.3460622300001,leaf,160085,frame,1000
1610.406104967,leaf,160691,ack,1000
1614.44613718,leaf,161095,frame,0
1623.536211077,leaf,162004,frame,0
1625.5562104760002,leaf,162206,ack,0
1633.637282861,leaf,163014,frame,0
1640.7073394430001,leaf,163721,ack,1000
1643.737369936,leaf,164024,frame,1000
1653.8374406369999,leaf,165034,frame,0
1655.857480243,leaf,165236,ack,0
1663.9375201290002,leaf,166044,frame,0
1671.007553586,leaf,166751,ack,0
1674.037593121,leaf,167054,frame,0
1684.137673821,leaf,168064,frame,1000
1685.160675663,leaf,168165,ack,1000
1694.237772397,leaf,169074,frame,0
1700.297771217,leaf,169680,ack,0
1704.338819139,leaf,170084,frame,0
1714.438910506,leaf,171094,frame,0
1715.4489300589998,leaf,171195,ack,0
1723.528953695,leaf,172003,frame,0
1730.598997485,leaf,172710,ack,0
1733.629040353,leaf,173013,frame,0
1743.729114679,leaf,174023,frame,-1000
1745.749130911,leaf,174225,ack,0
1753.829176754,leaf,175033,frame,0
1760.899261003,leaf,175740,ack,0
1763.9292827049999,leaf,176043,frame,1000
1774.029360947,leaf,177053,frame,0
1776.049357387,leaf,177255,ack,0
1784.130450064,leaf,178063,frame,-1000
1790.190501217,leaf,178669,ack,0
1794.2305116389998,leaf,179073,frame,0
1804.330624631,leaf,180083,frame,0
1805.340621268,leaf,180184,ack,0
1814.430656873,leaf,181093,frame,0
1820.490675902,leaf,181699,ack,1000
1823.5207317699999,leaf,182002,frame,1000
1833.620788513,leaf,183012,frame,0
1835.640803661,leaf,183214,ack,1000
1843.720868588,leaf,184022,frame,1000
1850.790927295,leaf,184729,ack,0
1853.8219757880001,leaf,185032,frame,0
1863.922045864,leaf,186042,frame,-1000
1865.942043804,leaf,186244,ack,0
1874.022106439,leaf,187052,frame,0
1881.092175604,leaf,187759,ack,-1000
1884.122205806,leaf,188062,frame,0
1894.222262715,leaf,189072,frame,0
1895.232276643,leaf,189173,ack,0
1904.322415999,leaf,190082,frame,0
1910.382392736,leaf,190688,ack,1000
1914.4224257829999,leaf,191092,frame,1000
1923.513495471,leaf,192001,frame,0
1925.532491828,leaf,192203,ack,0
1933.613563297,leaf,193011,frame,0
1940.683620295,leaf,193718,ack,0
1943.713620997,leaf,194021,frame,-1000
1953.813706614,leaf,195031,frame,0
1955.833705721,leaf,195233,ack,0
1963.91378919,leaf,196041,frame,0
1970.983838855,leaf,196748,ack,0
1974.0138763900002,leaf,197051,frame,0
1984.1139522150002,leaf,198061,frame,1000
1986.133943531,leaf,198263,ack,1000
1994.215021166,leaf,199071,frame,0
2000.274048986,leaf,199677,ack,1000
2004.3151655329998,leaf,200081,frame,1000
2014.4151669419998,leaf,201091,frame,0
2015.4251849529999,leaf,201192,ack,0
2023.505239672,leaf,202000,frame,0
2030.575295754,leaf,202707,ack,0
2033.605370914,leaf,203010,frame,-1000
2043.705404114,leaf,204020,frame,0
2045.725413763,leaf,204222,ack,0
2053.805462773,leaf,205030,frame,0
2060.875532605,leaf,205737,ack,0
2063.905552432,leaf,206040,frame,1000
2074.006643716,leaf,207050,frame,0
2076.025623781,leaf,207252,ack,1000
2084.106680874,leaf,208060,frame,0
2090.1667764030003,leaf,208666,ack,0
2094.206772075,leaf,209070,frame,0
2104.3068504420003,leaf,210080,frame,0
2105.316854245,leaf,210181,ack,0
2114.4069386419997,leaf,211090,frame,0
2120.466970629,leaf,211696,ack,0
2124.507026634,leaf,212100,frame,-1000
2133.597078032,leaf,213009,frame,0
2135.6171079719998,leaf,213211,ack,0
2143.698162065,leaf,214019,frame,0
2150.768225189,leaf,214726,ack,-1000
2153.7982313899997,leaf,215029,frame,0
2163.898329883,leaf,216039,frame,0
2165.918318864,leaf,216241,ack,0
2173.998374041,leaf,217049,frame,0
2181.06842429,leaf,217756,ack,1000
2184.0984584499997,leaf,218059,frame,1000
2194.198540234,leaf,219069,frame,0
2195.208562537,leaf,219170,ack,0
2204.2986291009997,leaf,220079,frame,0
2210.358658296,leaf,220685,ack,1000
2214.399706135,leaf,221089,frame,1000
2224.4997940850003,leaf,222099,frame,0
2225.509764347,leaf,222200,ack,0
2233.5898316899998,leaf,223008,frame,0
2240.659881106,leaf,223715,ack,0
2243.689907141,leaf,224018,frame,0
2253.790004216,leaf,225028,frame,0
2255.80999224,leaf,225230,ack,1000
2263.890101458,leaf,226038,frame,0
2270.9601110820004,leaf,226745,ack,-1000
2273.990148701,leaf,227048,frame,-1000
2284.0902280259997,leaf,228058,frame,0
2286.1102182990003,leaf,228260,ack,-1000
2294.191312893,leaf,229068,frame,0
2300.251368421,leaf,229674,ack,1000
2304.291371968,leaf,230078,frame,1000
2314.39145121,leaf,231088,frame,-1000
2315.4014570550003,leaf,231189,ack,0
2324.491538661,leaf,232098,frame,0
2330.551579731,leaf,232704,ack,1000
2333.581584725,leaf,233007,frame,1000
2343.68167455,leaf,234017,frame,0
2345.701683282,leaf,234219,ack,0
2353.781764,leaf,235027,frame,0
2360.851784124,leaf,235734,ack,0
2363.882845742,leaf,236037,frame,0
2373.982984234,leaf,237047,frame,0
2376.0029739660004,leaf,237249,ack,0
2384.082983065,leaf,238057,frame,0
2391.153027197,leaf,238764,ack,0
2394.18305436,leaf,239067,frame,0
2404.283141738,leaf,240077,frame,0
2405.293130668,leaf,240178,ack,0
2414.383214158,leaf,241087,frame,0
2420.443250485,leaf,241693,ack,0
2424.483292036,leaf,242097,frame,0
2433.57435761,leaf,243006,frame,0
2435.5933544689997,leaf,243208,ack,0
2443.6744453210003,leaf,244016,frame,1000
2450.7445028690004,leaf,244723,ack,1000
2453.774505491,leaf,245026,frame,1000
2463.874570036,leaf,246036,frame,0
2465.8945981029997,leaf,246238,ack,0
2473.974664373,leaf,247046,frame,0
2481.0447198370002,leaf,247753,ack,0
2484.074736459,leaf,248056,frame,0
2494.1748373369996,leaf,249066,frame,0
2495.184830975,leaf,249167,ack,1000
2504.275909382,leaf,250076,frame,1000
2510.3349492509997,leaf,250682,ack,0
2514.375962177,leaf,251086,frame,0
2524.4760544719998,leaf,252096,frame,0
2525.486046901,leaf,252197,ack,0
2533.566104004,leaf,253005,frame,0
2540.636161552,leaf,253712,ack,0
2543.666202924,leaf,254015,frame,0
2553.76627426,leaf,255025,frame,0
2555.7862904940002,leaf,255227,ack,0
2563.8663583889997,leaf,256035,frame,0
2570.936402228,leaf,256742,ack,1000
2573.9664244329997,leaf,257045,frame,1000
2584.067507395,leaf,258055,frame,0
2586.087511712,leaf,258257,ack,0
2594.16757594,leaf,259065,frame,0
2600.2276394329997,leaf,259671,ack,0
2604.267709401,leaf,260075,frame,0
2614.367745404,leaf,261085,frame,0
2615.377746709,leaf,261186,ack,0
2624.467817158,leaf,262095,frame,0
2630.5278555259997,leaf,262701,ack,1000
2633.5578752310003,leaf,263004,frame,1000
2643.657948235,leaf,264014,frame,-1000
2645.677958427,leaf,264216,ack,0
2653.759031696,leaf,265024,frame,0
2660.829107494,leaf,265731,ack,0
2663.859121449,leaf,266034,frame,0
2673.959184702,leaf,267044,frame,0
2675.979199311,leaf,267246,ack,1000
2684.059249789,leaf,268054,frame,0
2691.129316045,leaf,268761,ack,-1000
2694.159367917,leaf,269064,frame,0
2704.25940042,leaf,270074,frame,0
2705.269422475,leaf,270175,ack,0
2714.359497173,leaf,271084,frame,0
2720.419575084,leaf,271690,ack,1000
2724.460581468,leaf,272094,frame,1000
2733.5506404169996,leaf,273003,frame,0
2735.570644901,leaf,273205,ack,0
2743.650709003,leaf,274013,frame,0
2750.720772343,leaf,274720,ack,0
2753.7507928399996,leaf,275023,frame,0
2763.850859343,leaf,276033,frame,0
2765.870894702,leaf,276235,ack,0
2773.950937888,leaf,277043,frame,0
2781.021020978,leaf,277750,ack,1000
2784.051017349,leaf,278053,frame,1000
2794.152099686,leaf,279063,frame,0
2795.1731133209996,leaf,279164,ack,0
2804.252183856,leaf,280073,frame,-1000
2810.312248308,leaf,280679,ack,-1000
2814.352242984,leaf,281083,frame,-1000
2824.45235357,leaf,282093,frame,0
2825.4623300000003,leaf,282194,ack,0
2833.5424461860002,leaf,283002,frame,0
2840.612481359,leaf,283709,ack,-1000
2843.642485272,leaf,284012,frame,0
2853.742568442,leaf,285022,frame,0
2855.7625690930004,leaf,285224,ack,0
2863.842648612,leaf,286032,frame,0
2870.912697827,leaf,286739,ack,1000
2873.943712448,leaf,287042,frame,1000
2884.043787202,leaf,288052,frame,0
2886.063829102,leaf,288254,ack,0
2894.1438774959997,leaf,289062,frame,0
2900.203895907,leaf,289668,ack,0
2904.243934791,leaf,290072,frame,0
2914.3440018779997,leaf,291082,frame,0
2915.354014099,leaf,291183,ack,0
2924.4441233390003,leaf,292092,frame,1000
2930.504144458,leaf,292698,ack,1000
2933.534179913,leaf,293001,frame,1000
2943.6352571240004,leaf,294011,frame,0
2945.654255442,leaf,294213,ack,0
2953.735310378,leaf,295021,frame,0
2960.8053878839996,leaf,295728,ack,1000
2963.835380839,leaf,296031,frame,1000
2973.935466884,leaf,297041,frame,0
2975.955463951,leaf,297243,ack,0
2984.03554522,leaf,298051,frame,0
2991.105602352,leaf,298758,ack,0
2994.135604557,leaf,299061,frame,0
3004.235685227,leaf,300071,frame,0
3005.2457044899998,leaf,300172,ack,0
3014.3367773970003,leaf,301081,frame,1000
3020.395825307,leaf,301687,ack,1000
3024.4368666500004,leaf,302091,frame,1000
3033.526932807,leaf,303000,frame,0
3035.5469535409998,leaf,303202,ack,0
3043.6269809349997,leaf,304010,frame,-1000
3050.697035233,leaf,304717,ack,0
3053.727072605,leaf,305020,frame,0
3063.82718565,leaf,306030,frame,0
3065.847182092,leaf,306232,ack,0
3073.927231028,leaf,307040,frame,0
3080.997261326,leaf,307747,ack,0
3084.027285448,leaf,308050,frame,0
3094.128378701,leaf,309060,frame,0
3096.148422185,leaf,309262,ack,-1000
3104.2284544540003,leaf,310070,frame,0
3110.2885027390003,leaf,310676,ack,1000
3114.3285309159996,leaf,311080,frame,1000
3124.428612502,leaf,312090,frame,-1000
3125.4386179320004,leaf,312191,ack,0
3134.5286754219997,leaf,313100,frame,0
3140.588720666,leaf,313706,ack,0
3143.618753329,leaf,314009,frame,0
3153.718835957,leaf,315019,frame,0
3155.738851816,leaf,315221,ack,1000
3163.819928669,leaf,316029,frame,0
3170.889995592,leaf,316736,ack,0
3173.92005763,leaf,317039,frame,0
3184.020050008,leaf,318049,frame,1000
3186.040073451,leaf,318251,ack,0
3194.1201345950003,leaf,319059,frame,-1000
3200.180181422,leaf,319665,ack,-1000
3204.2202155980003,leaf,320069,frame,-1000
3214.3202787259997,leaf,321079,frame,0
3215.330290906,leaf,321180,ack,0
3224.420379271,leaf,322089,frame,0
3230.480408223,leaf,322695,ack,0
3234.521471441,leaf,323099,frame,0
3243.611510973,leaf,324008,frame,1000
3245.6315608319996,leaf,324210,ack,0
3253.711594851,leaf,325018,frame,0
3260.781636274,leaf,325725,ack,1000
3263.811666146,leaf,326028,frame,1000
3273.911732732,leaf,327038,frame,0
3275.931755258,leaf,327240,ack,0
3284.0118303609997,leaf,328048,frame,0
3291.081944784,leaf,328755,ack,0
3294.111936114,leaf,329058,frame,0
3304.212995867,leaf,330068,frame,0
3305.22197888,leaf,330169,ack,0
3314.313085703,leaf,331078,frame,0
3320.373128697,leaf,331684,ack,0
3324.4131390820003,leaf,332088,frame,-1000
3334.513216585,leaf,333098,frame,1000
3335.523209306,leaf,333199,ack,0
3343.603278492,leaf,334007,frame,0
3350.673326498,leaf,334714,ack,0
3353.7033711199997,leaf,335017,frame,0
3363.803470498,leaf,336027,frame,0
3365.823446357,leaf,336229,ack,0
3373.903523543,leaf,337037,frame,0
3380.973554425,leaf,337744,ack,1000
3384.004594838,leaf,338047,frame,1000
3394.1046839660003,leaf,339057,frame,0
3396.1246659079998,leaf,339259,ack,0
3404.204797386,leaf,340067,frame,0
3410.264788296,leaf,340673,ack,-1000
3414.3048030590003,leaf,341077,frame,-1000
3424.404887993,leaf,342087,frame,0
3425.4149004230003,leaf,342188,ack,0
3434.504967801,leaf,343097,frame,0
3440.564995927,leaf,343703,ack,-1000
3443.5950535109996,leaf,344006,frame,-1000
3453.696115569,leaf,345016,frame,1000
3455.715123473,leaf,345218,ack,0
3463.796221502,leaf,346026,frame,0
3470.8662296009998,leaf,346733,ack,1000
3473.8962626860002,leaf,347036,frame,1000
3483.996331994,leaf,348046,frame,0
3486.01635223,leaf,348248,ack,0
3494.096427302,leaf,349056,frame,0
3501.166472318,leaf,349763,ack,0
3504.196495235,leaf,350066,frame,0
3514.2965899180003,leaf,351076,frame,0
3515.306576474,leaf,351177,ack,0
3524.397660018,leaf,352086,frame,1000
3530.457711228,leaf,352692,ack,1000
3534.4977372010003,leaf,353096,frame,1000
3543.587801786,leaf,354005,frame,0
3545.607791731,leaf,354207,ack,1000
3553.68788397,leaf,355015,frame,0
3560.757931944,leaf,355722,ack,0
3563.787950069,leaf,356025,frame,0
3573.888048669,leaf,357035,frame,0
3575.9080313639997,leaf,357237,ack,1000
3583.988108186,leaf,358045,frame,0
3591.05815841,leaf,358752,ack,0
3594.0891929100003,leaf,359055,frame,1000
3604.1892736769996,leaf,360065,frame,0
3605.199270399,leaf,360166,ack,0
3614.289344527,leaf,361075,frame,0
3620.349389695,leaf,361681,ack,1000
3624.389432543,leaf,362085,frame,0
3634.489535643,leaf,363095,frame,0
3635.4995423240002,leaf,363196,ack,0
3643.579547229,leaf,364004,frame,0
3650.649637536,leaf,364711,ack,0
3653.6796544530002,leaf,365014,frame,0
3663.779727345,leaf,366024,frame,0
3665.799751123,leaf,366226,ack,1000
3673.880788195,leaf,367034,frame,1000
3680.95085571,leaf,367741,ack,0
3683.9808781690003,leaf,368044,frame,0
3694.080990061,leaf,369054,frame,0
3696.100964631,leaf,369256,ack,0
3704.1810351189997,leaf,370064,frame,0
3710.241060329,leaf,370670,ack,1000
3714.281111302,leaf,371074,frame,1000
3724.381215152,leaf,372084,frame,-1000
3725.391190333,leaf,372185,ack,0
3734.481262168,leaf,373094,frame,1000
3740.541301462,leaf,373700,ack,0
3743.5723187119997,leaf,374003,frame,0
3753.672407354,leaf,375013,frame,0
3755.692440757,leaf,375215,ack,0
3763.7724925370003,leaf,376023,frame,0
3770.842514594,leaf,376730,ack,1000
3773.872544928,leaf,377033,frame,1000
3783.9726176530003,leaf,378043,frame,0
3785.992642056,leaf,378245,ack,0
3794.072693003,leaf,379053,frame,0
3801.1427616849996,leaf,379760,ack,0
3804.172768811,leaf,380063,frame,0
3814.273884244,leaf,381073,frame,-1000
3815.2828480079997,leaf,381174,ack,0
3824.373953469,leaf,382083,frame,0
3830.433999929,leaf,382689,ack,-1000
3834.474016777,leaf,383093,frame,0
3843.5640909040003,leaf,384002,frame,-1000
3845.584102099,leaf,384204,ack,-1000
3853.664152671,leaf,385012,frame,0
3860.734284853,leaf,385719,ack,1000
3863.764283437,leaf,386022,frame,1000
3873.864309245,leaf,387032,frame,-1000
3875.884338732,leaf,387234,ack,0
3883.96440347,leaf,388042,frame,0
3891.034434694,leaf,388749,ack,1000
3894.065471653,leaf,389052,frame,1000
3904.1655359200004,leaf,390062,frame,0
3905.185567932,leaf,390163,ack,0
3914.2656173530004,leaf,391072,frame,0
3920.3256727300004,leaf,391678,ack,1000
3924.365714286,leaf,392082,frame,1000
3934.46577672,leaf,393092,frame,0
3935.475767734,leaf,393193,ack,0
3943.555851305,leaf,394001,frame,0
3950.6258855710003,leaf,394708,ack,1000
3953.655931822,leaf,395011,frame,1000
3963.757027296,leaf,396021,frame,0
3965.7760233669997,leaf,396223,ack,0
3973.857105563,leaf,397031,frame,0
3980.927141954,leaf,397738,ack,1000
3983.957177079,leaf,398041,frame,1000
3994.057233804,leaf,399051,frame,0
3996.077230208,leaf,399253,ack,0
4004.157313154,leaf,400061,frame,0
4010.217372864,leaf,400667,ack,1000
4014.257368837,leaf,401071,frame,1000
4024.357471062,leaf,402081,frame,0
4025.36746516,leaf,402182,ack,0
4034.45856487,leaf,403091,frame,0
4040.5186010380003,leaf,403697,ack,1000
4043.548632081,leaf,404000,frame,1000
4053.648688097,leaf,405010,frame,-1000
4055.668691584,leaf,405212,ack,0
4063.7487620310003,leaf,406020,frame,0
4070.818805338,leaf,406727,ack,0
4073.8488227559997,leaf,407030,frame,0
4083.948904231,leaf,408040,frame,0
4085.9689240509997,leaf,408242,ack,0
4094.04902658,leaf,409050,frame,0
4101.119051554,leaf,409757,ack,0
4104.150091013,leaf,410060,frame,0
4114.250152238,leaf,411070,frame,0
4115.260176252,leaf,411171,ack,0
4124.35022338,leaf,412080,frame,0
4130.41026684,leaf,412686,ack,-1000
4134.450308105,leaf,413090,frame,-1000
4144.550383705,leaf,414100,frame,0
4145.560369927,leaf,414201,ack,0
4153.640446082,leaf,415009,frame,0
4160.710493181,leaf,415716,ack,0
4163.740534599,leaf,416019,frame,0
4173.840613032,leaf,417029,frame,0
4175.86060481,leaf,417231,ack,0
4183.941693506,leaf,418039,frame,0
4191.011769606,leaf,418746,ack,0
4194.04176844,leaf,419049,frame,1000
4204.141901498,leaf,420059,frame,0
4206.161892735,leaf,420261,ack,0
4214.241908180999,leaf,421069,frame,0
4220.301943724,leaf,421675,ack,1000
4224.341990281,leaf,422079,frame,1000
4234.442084256,leaf,423089,frame,0
4235.452066062,leaf,423190,ack,1000
4244.5421377309995,leaf,424099,frame,0
4250.602174982,leaf,424705,ack,0
4253.6332122740005,leaf,425008,frame,0
4263.733315499,leaf,426018,frame,0
4265.753314028,leaf,426220,ack,0
4273.833360848999,leaf,427028,frame,0
4280.903411282,leaf,427735,ack,0
4283.9334427819995,leaf,428038,frame,0
4294.033500881999,leaf,429048,frame,0
4296.053529202,leaf,429250,ack,0
4304.1335991900005,leaf,430058,frame,0
4310.1936349,leaf,430664,ack,1000
4314.233655999,leaf,431068,frame,1000
4324.334766973,leaf,432078,frame,0
4325.343762238,leaf,432179,ack,0
4334.434826865,leaf,433088,frame,0
4340.494870408001,leaf,433694,ack,1000
4344.534898131,leaf,434098,frame,1000
4353.6249798,leaf,435007,frame,0
4355.6449729119995,leaf,435209,ack,2000
4363.725054067,leaf,436017,frame,0
4370.795093874,leaf,436724,ack,-1000
4373.8251268330005,leaf,437027,frame,-1000
4383.9251971,leaf,438037,frame,0
4385.945221836,leaf,438239,ack,0
4394.026283991,leaf,439047,frame,0
4401.09532734,leaf,439754,ack,0
4404.126374674,leaf,440057,frame,0
4414.226419315,leaf,441067,frame,0
4415.236455163,leaf,441168,ack,0
4424.326512999,leaf,442077,frame,0
4430.386568667001,leaf,442683,ack,0
4434.4265633899995,leaf,443087,frame,0
4444.526673406001,leaf,444097,frame,0
4445.5366745480005,leaf,444198,ack,0
4453.616717655999,leaf,445006,frame,0
4460.6870202869995,leaf,445713,ack,1000
4463.716805718,leaf,446016,frame,1000
4473.81789678,leaf,447026,frame,0
4475.837912568,leaf,447228,ack,0
4483.917949842999,leaf,448036,frame,0
4490.988021599001,leaf,448743,ack,1000
4494.0180289049995,leaf,449046,frame,1000
4504.118101134,leaf,450056,frame,0
4506.138118172,leaf,450258,ack,0
4514.218186863,leaf,451066,frame,1000
4520.278237934,leaf,451672,ack,1000
4524.318267759,leaf,452076,frame,1000
4534.418571446,leaf,453086,frame,0
4535.428338174001,leaf,453187,ack,0
4544.519435092,leaf,454096,frame,0
4550.579502913,leaf,454702,ack,1000
4553.609504636,leaf,455005,frame,1000
4563.709571365,leaf,456015,frame,0
4565.729594902001,leaf,456217,ack,0
4573.809639135,leaf,457025,frame,0
4580.879698350001,leaf,457732,ack,1000
4583.909725448,leaf,458035,frame,0
4594.009807218999,leaf,459045,frame,0
4596.029833006,leaf,459247,ack,-1000
4604.109897573,leaf,460055,frame,0
4611.179939495,leaf,460762,ack,1000
4614.21100576,leaf,461065,frame,0
4624.311043114,leaf,462075,frame,1000
4625.321066049,leaf,462176,ack,1000
4634.411105843,leaf,463085,frame,1000
4640.471141872,leaf,463691,ack,0
4644.511182239,leaf,464095,frame,0
4653.601241491,leaf,465004,frame,-1000
4655.621273695,leaf,465206,ack,-1000
4663.701374011,leaf,466014,frame,0
4670.771394558999,leaf,466721,ack,0
4673.801393615,leaf,467024,frame,-1000
4683.902501677,leaf,468034,frame,1000
4685.921483882,leaf,468236,ack,0
4694.00256949,leaf,469044,frame,0
4701.072632871,leaf,469751,ack,0
4704.1026242610005,leaf,470054,frame,0
4714.202719739999,leaf,471064,frame,0
4715.212710467,leaf,471165,ack,1000
4724.30281276,leaf,472074,frame,1000
4730.362829831,leaf,472680,ack,0
4734.402860948,leaf,473084,frame,0
4744.502960176999,leaf,474094,frame,0
4745.512936446,leaf,474195,ack,1000
4753.59303972,leaf,475003,frame,0
4760.663059768,leaf,475710,ack,-1000
4763.6940939490005,leaf,476013,frame,-1000
4773.794180053001,leaf,477023,frame,0
4775.814252341001,leaf,477225,ack,-1000
4783.894248657,leaf,478033,frame,0
4790.964303664,leaf,478740,ack,0
4793.994317386,leaf,479043,frame,0
4804.094402115001,leaf,480053,frame,0
4806.114407111,leaf,480255,ack,0
4814.194495928,leaf,481063,frame,0
4820.2545186649995,leaf,481669,ack,1000
4824.294550199,leaf,482073,frame,1000
4834.395633844,leaf,483083,frame,0
4835.40463153,leaf,483184,ack,0
4844.495695240001,leaf,484093,frame,0
4850.555767644,leaf,484699,ack,1000
4853.585800283,leaf,485002,frame,1000
4863.685851054,leaf,486012,frame,0
4865.705855467,leaf,486214,ack,0
4873.785940575,leaf,487022,frame,0
4880.8560007060005,leaf,487729,ack,1000
4883.886006762,leaf,488032,frame,1000
4893.986126325,leaf,489042,frame,0
4896.006111404,leaf,489244,ack,0
4904.087180554,leaf,490052,frame,0
4911.157213476,leaf,490759,ack,0
4914.187253241,leaf,491062,frame,0
4924.287311762,leaf,492072,frame,0
4925.297353614,leaf,492173,ack,0
4934.387398074,leaf,493082,frame,0
4940.44744127,leaf,493688,ack,0
4944.487482303,leaf,494092,frame,0
4953.577539722,leaf,495001,frame,0
4955.5975380929995,leaf,495203,ack,0
4963.677613117,leaf,496011,frame,0
4970.747670082,leaf,496718,ack,0
4973.7776893459995,leaf,497021,frame,0
4983.878787617,leaf,498031,frame,1000
4985.8988201130005,leaf,498233,ack,0
4993.978846763,leaf,499041,frame,0
5001.048911143999,leaf,499748,ack,1000
5004.0789117,leaf,500051,frame,1000
5014.179008387,leaf,501061,frame,0
5015.198010862,leaf,501162,ack,0
5024.2790693669995,leaf,502071,frame,0
5030.339107562,leaf,502677,ack,1000
5034.379162846,leaf,503081,frame,1000
5044.479237158,leaf,504091,frame,-1000
5045.489219052,leaf,504192,ack,0
5053.570565576,leaf,505000,frame,0
5060.640361791,leaf,505707,ack,-1000
5063.670406639,leaf,506010,frame,-1000
5073.770458284,leaf,507020,frame,0
5075.790478864,leaf,507222,ack,0
5083.8705432219995,leaf,508030,frame,0
5090.94059552,leaf,508737,ack,0
5093.970604450999,leaf,509040,frame,1000
5104.0707052220005,leaf,510050,frame,0
5106.090705717,leaf,510252,ack,0
5114.170774534,leaf,511060,frame,-1000
5120.230857271,leaf,511666,ack,0
5124.27185343,leaf,512070,frame,0
5134.371921741999,leaf,513080,frame,0
5135.381920552,leaf,513181,ack,0
5144.471984263,leaf,514090,frame,0
5150.53204325,leaf,514696,ack,0
5154.5720767,leaf,515100,frame,1000
5163.662159244,leaf,516009,frame,-1000
5165.682166281,leaf,516211,ack,0
5173.762249181,leaf,517019,frame,0
5180.832278562,leaf,517726,ack,0
5183.862292952,leaf,518029,frame,0
5193.963381847,leaf,519039,frame,-1000
5195.982388677,leaf,519241,ack,0
5204.063475368,leaf,520049,frame,0
5211.133542541,leaf,520756,ack,0
5214.163535847,leaf,521059,frame,0
5224.263609201,leaf,522069,frame,0
5225.273618595001,leaf,522170,ack,0
5234.363746263,leaf,523079,frame,0
5240.423722459,leaf,523685,ack,0
5244.463768243,leaf,524089,frame,-1000
5254.563837887999,leaf,525099,frame,0
5255.573849282,leaf,525200,ack,0
5263.653909265,leaf,526008,frame,0
5270.723959355,leaf,526715,ack,0
5273.754980452,leaf,527018,frame,1000
5283.855070598,leaf,528028,frame,0
5285.875084302,leaf,528230,ack,0
5293.955144161,leaf,529038,frame,0
5301.025180083,leaf,529745,ack,0
5304.055197848,leaf,530048,frame,0
5314.155294035,leaf,531058,frame,0
5316.1752864889995,leaf,531260,ack,0
5324.255366681,leaf,532068,frame,0
5330.315426543,leaf,532674,ack,0
5334.355466284999,leaf,533078,frame,0
5344.4565332639995,leaf,534088,frame,0
5345.465532075,leaf,534189,ack,0
5354.5565935760005,leaf,535098,frame,-1000
5360.61664623,leaf,535704,ack,-1000
5363.646700162,leaf,536007,frame,0
5373.7467414739995,leaf,537017,frame,0
5375.76675672,leaf,537219,ack,0
5383.846819245,leaf,538027,frame,0
5390.916869043,leaf,538734,ack,0
5393.94690439,leaf,539037,frame,-1000
5404.046971786,leaf,540047,frame,1000
5406.0670036989995,leaf,540249,ack,0
5414.14807964,leaf,541057,frame,0
5420.208104336,leaf,541663,ack,0
5424.248122286001,leaf,542067,frame,-1000
5434.348214681,leaf,543077,frame,0
5435.358212284,leaf,543178,ack,-1000
5444.448292494,leaf,544087,frame,0
5450.508340065,leaf,544693,ack,1000
5454.548373015,leaf,545097,frame,1000
5463.638478558,leaf,546006,frame,0
5465.658475554,leaf,546208,ack,1000
5473.738515579,leaf,547016,frame,1000
5480.808564543,leaf,547723,ack,0
5483.839607119,leaf,548026,frame,0
5493.939707831,leaf,549036,frame,0
5495.959677757,leaf,549238,ack,0
5504.039733169,leaf,550046,frame,0
5511.10979893,leaf,550753,ack,0
5514.139836173,leaf,551056,frame,0
5524.23989726,leaf,552066,frame,0
5525.249929827,leaf,552167,ack,0
5534.340012764001,leaf,553076,frame,0
5540.400024333,leaf,553682,ack,0
5544.440042727,leaf,554086,frame,1000
5554.540115106,leaf,555096,frame,-1000
5555.550120715,leaf,555197,ack,0
5563.631214917999,leaf,556005,frame,0
5570.701283262,leaf,556712,ack,0
5573.731270422,leaf,557015,frame,0
5583.831384301,leaf,558025,frame,0
5585.851374184999,leaf,558227,ack,0
5593.9314312629995,leaf,559035,frame,-1000
5601.001494733,leaf,559742,ack,0
5604.031493476,leaf,560045,frame,1000
5614.131599188,leaf,561055,frame,-1000
5616.1515819060005,leaf,561257,ack,0
5624.231667234,leaf,562065,frame,0
5630.291708303,leaf,562671,ack,0
5634.332771155,leaf,563075,frame,1000
5644.432855075,leaf,564085,frame,-1000
5645.442830518,leaf,564186,ack,0
5654.532901288,leaf,565095,frame,0
5660.592941607,leaf,565701,ack,0
5663.622957308,leaf,566004,frame,0
5673.723020854,leaf,567014,frame,0
5675.74306628,leaf,567216,ack,0
5683.823117774999,leaf,568024,frame,0
5690.893215411,leaf,568731,ack,1000
5693.923228862,leaf,569034,frame,1000
5704.02425395,leaf,570044,frame,-1000
5706.043272834,leaf,570246,ack,0
5714.124368162,leaf,571054,frame,1000
5721.194386007,leaf,571761,ack,1000
5724.224418041,leaf,572064,frame,1000
5734.324509462,leaf,573074,frame,-1000
5735.334505487,leaf,573175,ack,0
5744.424571049,leaf,574084,frame,1000
5750.484611952001,leaf,574690,ack,1000
5754.524654845,leaf,575094,frame,1000
5763.614725532,leaf,576003,frame,0
5765.634738,leaf,576205,ack,0
5773.714814536,leaf,577013,frame,0
5780.784862923,leaf,577720,ack,0
5783.815889623999,leaf,578023,frame,0
5793.915957294001,leaf,579033,frame,1000
5795.935980804,leaf,579235,ack,1000
5804.0160915900005,leaf,580043,frame,0
5811.0860831009995,leaf,580750,ack,0
5814.116104969001,leaf,581053,frame,0
5824.2161998070005,leaf,582063,frame,0
5825.2262024149995,leaf,582164,ack,0
5834.316301061,leaf,583073,frame,0
5840.376308463,leaf,583679,ack,0
5844.4163509400005,leaf,584083,frame,0
5854.517442236,leaf,585093,frame,0
5855.526429719,leaf,585194,ack,1000
5863.6075134230005,leaf,586002,frame,0
5870.677549434,leaf,586709,ack,0
5873.707569302,leaf,587012,frame,1000
5883.807635889,leaf,588022,frame,-1000
5885.827653273001,leaf,588224,ack,0
5893.907746268001,leaf,589032,frame,0
5900.977771738,leaf,589739,ack,0
5904.007805981,leaf,590042,frame,0
5914.10788061,leaf,591052,frame,0
5916.127966452,leaf,591254,ack,0
5924.208958489,leaf,592062,frame,0
5930.269011308001,leaf,592668,ack,0
5934.309055326,leaf,593072,frame,0
5944.409107705,leaf,594082,frame,1000
5945.419138522,leaf,594183,ack,1000
5954.509181251,leaf,595092,frame,0
5960.569251237001,leaf,595698,ack,0
5963.599249605,leaf,596001,frame,0
5973.699365066999,leaf,597011,frame,0
5975.7193504100005,leaf,597213,ack,0
5983.799418738,leaf,598021,frame,0
5990.869461708,leaf,598728,ack,0
5993.9004815339995,leaf,599031,frame,0
6004.000616038,leaf,600041,frame,0
6006.020573005,leaf,600243,ack,1000
6014.100637084,leaf,601051,frame,1000
6021.170692719999,leaf,601758,ack,0
6024.200731004,leaf,602061,frame,0
6034.30084255,leaf,603071,frame,0
6035.310855991999,leaf,603172,ack,0
6044.400872096,leaf,604081,frame,-1000
6050.460918457,leaf,604687,ack,-1000
6054.500949058,leaf,605091,frame,0
6063.591056829,leaf,606000,frame,0
6065.611048379999,leaf,606202,ack,1000
6073.692114541,leaf,607010,frame,1000
6080.762169761,leaf,607717,ack,1000
6083.79218092,leaf,608020,frame,0
6093.892282091,leaf,609030,frame,1000
6095.912269808,leaf,609232,ack,0
6103.992338137,leaf,610040,frame,-1000
6111.062390148,leaf,610747,ack,0
6114.092406266,leaf,611050,frame,1000
6124.192504187,leaf,612060,frame,-1000
6125.210518043,leaf,612161,ack,-1000
6134.292567816001,leaf,613070,frame,0
6140.352626051001,leaf,613676,ack,1000
6144.393653028,leaf,614080,frame,0
6154.493733949,leaf,615090,frame,1000
6155.503766932,leaf,615191,ack,0
6164.593803161,leaf,616100,frame,-1000
6170.6538491890005,leaf,616706,ack,0
6173.68387289,leaf,617009,frame,1000
6183.783944186001,leaf,618019,frame,-1000
6185.803962945,leaf,618221,ack,0
6193.884030481,leaf,619029,frame,1000
6200.954078659,leaf,619736,ack,0
6203.984128861,leaf,620039,frame,-1000
6214.085201864001,leaf,621049,frame,1000
6216.10418929,leaf,621251,ack,1000
6224.185281534999,leaf,622059,frame,1000
6230.245325688,leaf,622665,ack,1000
6234.285322789,leaf,623069,frame,0
6244.38539271,leaf,624079,frame,1000
6245.395406027001,leaf,624180,ack,0
6254.485508006,leaf,625089,frame,0
6260.5456257,leaf,625695,ack,1000
6264.5855859270005,leaf,626099,frame,0
6273.6756359890005,leaf,627008,frame,1000
6275.695656081,leaf,627210,ack,0
6283.776715159,leaf,628018,frame,-1000
6290.845782629,leaf,628725,ack,0
6293.876829122,leaf,629028,frame,1000
6303.976868918,leaf,630038,frame,0
6305.996904343,leaf,630240,ack,0
6314.07694138,leaf,631048,frame,-1000
6321.147274058,leaf,631755,ack,0
6324.177022176001,leaf,632058,frame,1000
6334.277110012999,leaf,633068,frame,0
6335.287120789,leaf,633169,ack,1000
6344.377176684,leaf,634078,frame,0
6350.4372287529995,leaf,634684,ack,0
6354.477245271,leaf,635088,frame,1000
6364.578353192,leaf,636098,frame,-1000
6365.587335884,leaf,636199,ack,0
6373.668466046,leaf,637007,frame,0
6380.738456474,leaf,637714,ack,0
6383.768477467,leaf,638017,frame,1000
6393.868580470999,leaf,639027,frame,-1000
6395.888582646,leaf,639229,ack,-1000
6403.968621891,leaf,640037,frame,-1000
6411.038688778,leaf,640744,ack,0
6414.068736979,leaf,641047,frame,1000
6424.168792941,leaf,642057,frame,-1000
6426.18880945,leaf,642259,ack,0
6434.269884779,leaf,643067,frame,0
6440.3299107640005,leaf,643673,ack,0
6444.369949074,leaf,644077,frame,0
6454.470031328,leaf,645087,frame,1000
6455.480060437,leaf,645188,ack,2000
6464.570107458,leaf,646097,frame,1000
6470.630149277,leaf,646703,ack,0
6473.660168936,leaf,647006,frame,0
6483.76027694,leaf,648016,frame,-1000
6485.780244075,leaf,648218,ack,-1000
6493.860334028,leaf,649026,frame,0
6500.930366789,leaf,649733,ack,1000
6503.961402948,leaf,650036,frame,1000
6514.061496740001,leaf,651046,frame,-1000
6516.081493832,leaf,651248,ack,-1000
6524.161550322,leaf,652056,frame,-1000
6530.221607263,leaf,652662,ack,0
6534.261629862999,leaf,653066,frame,1000
6544.361711611,leaf,654076,frame,0
6545.371722511,leaf,654177,ack,0
6554.461790402,leaf,655086,frame,-1000
6560.5218475090005,leaf,655692,ack,0
6564.561867567,leaf,656096,frame,0
6573.651962583,leaf,657005,frame,0
6575.671960841,leaf,657207,ack,0
6583.75303479,leaf,658015,frame,-1000
6590.823063505,leaf,658722,ack,0
6593.853107747,leaf,659025,frame,1000
6603.953213579,leaf,660035,frame,0
6605.973219628,leaf,660237,ack,1000
6614.053246286,leaf,661045,frame,0
6621.123305417999,leaf,661752,ack,0
6624.153323368,leaf,662055,frame,0
6634.253428407999,leaf,663065,frame,1000
6635.263418141,leaf,663166,ack,1000
6644.353476032,leaf,664075,frame,1000
6650.413537098,leaf,664681,ack,0
6654.454559530001,leaf,665085,frame,-1000
6664.554648071,leaf,666095,frame,1000
6665.564644971,leaf,666196,ack,1000
6673.6447045449995,leaf,667004,frame,1000
6680.714760594,leaf,667711,ack,0
6683.74478596,leaf,668014,frame,-1000
6693.844856709,leaf,669024,frame,1000
6695.864878092,leaf,669226,ack,1000
6703.944989791,leaf,670034,frame,1000
6711.0149897149995,leaf,670741,ack,0
6714.045028331,leaf,671044,frame,0
6724.146081705,leaf,672054,frame,0
6726.16509763,leaf,672256,ack,-1000
6734.246184787,leaf,673064,frame,-1000
6740.306230685999,leaf,673670,ack,0
6744.346242576999,leaf,674074,frame,1000
6754.446331326,leaf,675084,frame,0
6755.456322601,leaf,675185,ack,0
6764.546408491,leaf,676094,frame,0
6770.606436266,leaf,676700,ack,1000
6773.636477673,leaf,677003,frame,0
6783.736554881,leaf,678013,frame,1000
6785.756557889,leaf,678215,ack,1000
6793.836655004,leaf,679023,frame,1000
6800.906685928,leaf,679730,ack,0
6803.9377378359995,leaf,680033,frame,-1000
6814.0377772930005,leaf,681043,frame,0
6816.057817093,leaf,681245,ack,0
6824.137850125,leaf,682053,frame,0
6831.207966008,leaf,682760,ack,0
6834.237963166001,leaf,683063,frame,1000
6844.338028164,leaf,684073,frame,0
6845.348025480999,leaf,684174,ack,0
6854.43812708,leaf,685083,frame,-1000
6860.498134187,leaf,685689,ack,0
6864.538180828001,leaf,686093,frame,1000
6873.6292545100005,leaf,687002,frame,0
6875.64826081,leaf,687204,ack,0
6883.729316926,leaf,688012,frame,0
6890.799388349999,leaf,688719,ack,0
6893.829423675,leaf,689022,frame,0
6903.929468423,leaf,690032,frame,0
6905.949492973,leaf,690234,ack,0
6914.029552714001,leaf,691042,frame,0
6921.099598763,leaf,691749,ack,1000
6924.129639504,leaf,692052,frame,1000
6934.229711503,leaf,693062,frame,0
6935.239723194,leaf,693163,ack,0
6944.330843668,leaf,694072,frame,0
6950.390834401001,leaf,694678,ack,0
6954.430885458,leaf,695082,frame,0
6964.530947749,leaf,696092,frame,-1000
6965.540943399,leaf,696193,ack,0
6973.621021931,leaf,697001,frame,1000
6980.691068438,leaf,697708,ack,1000
6983.721091513001,leaf,698011,frame,1000
6993.821174387,leaf,699021,frame,0
6995.841191145,leaf,699223,ack,1000
7003.921230844,leaf,700031,frame,1000
7010.991287726,leaf,700738,ack,0
7014.022355092,leaf,701041,frame,0
7024.122407674,leaf,702051,frame,0
7026.142431516,leaf,702253,ack,0
7034.222503715,leaf,703061,frame,-1000
7040.282519072,leaf,703667,ack,0
7044.322558172,leaf,704071,frame,0
7054.422649546,leaf,705081,frame,1000
7055.432655737,leaf,705182,ack,1000
7064.522715628,leaf,706091,frame,1000
7070.582762985,leaf,706697,ack,1000
7073.612775935,leaf,707000,frame,1000
7083.712847392,leaf,708010,frame,0
7085.732881942,leaf,708212,ack,0
7093.813965432,leaf,709020,frame,0
7100.884011773,leaf,709727,ack,0
7103.914045597,leaf,710030,frame,0
7114.014106596,leaf,711040,frame,0
7116.034105479001,leaf,711242,ack,0
7124.114163803,leaf,712050,frame,0
7131.184248144,leaf,712757,ack,0
7134.214255885,leaf,713060,frame,0
7144.314343342,leaf,714070,frame,-1000
7145.324331992,leaf,714171,ack,0
7154.414412049,leaf,715080,frame,0
7160.474439365001,leaf,715686,ack,0
7164.515496006,leaf,716090,frame,0
7174.615602838,leaf,717100,frame,0
7175.6255986959995,leaf,717201,ack,0
7183.705643229,leaf,718009,frame,1000
7190.77568082,leaf,718716,ack,1000
7193.805700061,leaf,719019,frame,1000
